{
  "model_type": "LGBM",
  "target": "착과수",
  "week": 3,
  "features": [
    "3주평균주간온도(08~18시)",
    "3주평균야간온도(19~07시)",
    "3주평균주간습도(08~18시)",
    "3주평균야간습도(19~07시)",
    "3주평균주간CO₂(08~18시)",
    "3주평균야간CO₂(19~07시)",
    "3주평균누적일사량(1일최대값기준)"
  ],
  "fill": {
    "3주평균주간온도(08~18시)": 22.78661737967538,
    "3주평균야간온도(19~07시)": 16.906077263089657,
    "3주평균주간습도(08~18시)": 79.43065997549857,
    "3주평균야간습도(19~07시)": 89.63667748635936,
    "3주평균주간CO₂(08~18시)": 409.48754368262723,
    "3주평균야간CO₂(19~07시)": 499.91411489542764,
    "3주평균누적일사량(1일최대값기준)": 1274.8012477010138
  },
  "metrics": {
    "MSE": 18262.25698293911,
    "MAE": 51.65594881844452,
    "R2": -0.08658257368902444
  },
  "n_train": 896,
  "n_total": 1120,
  "is_gaussian_nb": false
}