{
  "model_type": "XGBoost",
  "target": "수확수",
  "week": 5,
  "features": [
    "5주평균주간온도(08~18시)",
    "5주평균야간온도(19~07시)",
    "5주평균주간습도(08~18시)",
    "5주평균야간습도(19~07시)",
    "5주평균주간CO₂(08~18시)",
    "5주평균야간CO₂(19~07시)",
    "5주평균누적일사량(1일최대값기준)"
  ],
  "fill": {
    "5주평균주간온도(08~18시)": 22.783868952733886,
    "5주평균야간온도(19~07시)": 16.904018086218322,
    "5주평균주간습도(08~18시)": 79.29364790463545,
    "5주평균야간습도(19~07시)": 89.51518841818314,
    "5주평균주간CO₂(08~18시)": 406.42688657662,
    "5주평균야간CO₂(19~07시)": 490.5457137010087,
    "5주평균누적일사량(1일최대값기준)": 1268.3154700092389
  },
  "metrics": {
    "MSE": 18541.603317604902,
    "MAE": 48.117695392783,
    "R2": -0.045380580286460415
  },
  "n_train": 896,
  "n_total": 1120,
  "is_gaussian_nb": false
}