{
  "model_type": "GaussianNB",
  "target": "착과수",
  "week": 1,
  "features": [
    "1주평균주간온도(08~18시)",
    "1주평균야간온도(19~07시)",
    "1주평균주간습도(08~18시)",
    "1주평균야간습도(19~07시)",
    "1주평균주간CO₂(08~18시)",
    "1주평균야간CO₂(19~07시)",
    "1주평균누적일사량(1일최대값기준)"
  ],
  "fill": {
    "1주평균주간온도(08~18시)": 22.836634758096526,
    "1주평균야간온도(19~07시)": 16.93007554601772,
    "1주평균주간습도(08~18시)": 79.5613836251786,
    "1주평균야간습도(19~07시)": 89.7680210491462,
    "1주평균주간CO₂(08~18시)": 413.18618904796665,
    "1주평균야간CO₂(19~07시)": 506.25103671557787,
    "1주평균누적일사량(1일최대값기준)": 1279.5363882825748
  },
  "metrics": {
    "MSE": 15895.949669402573,
    "MAE": 47.26910438840968,
    "R2": 0.054209897541872
  },
  "n_train": 896,
  "n_total": 1120,
  "is_gaussian_nb": true
}