{
  "model_type": "GaussianNB",
  "target": "착과수",
  "week": 7,
  "features": [
    "7주평균주간온도(08~18시)",
    "7주평균야간온도(19~07시)",
    "7주평균주간습도(08~18시)",
    "7주평균야간습도(19~07시)",
    "7주평균주간CO₂(08~18시)",
    "7주평균야간CO₂(19~07시)",
    "7주평균누적일사량(1일최대값기준)"
  ],
  "fill": {
    "7주평균주간온도(08~18시)": 22.763122823275463,
    "7주평균야간온도(19~07시)": 16.905887504718386,
    "7주평균주간습도(08~18시)": 79.34189638202382,
    "7주평균야간습도(19~07시)": 89.51116755384135,
    "7주평균주간CO₂(08~18시)": 403.0244477690052,
    "7주평균야간CO₂(19~07시)": 481.2006861221236,
    "7주평균누적일사량(1일최대값기준)": 1252.138315322907
  },
  "metrics": {
    "MSE": 22662.79972584548,
    "MAE": 58.28956897573658,
    "R2": -0.34840963393041546
  },
  "n_train": 896,
  "n_total": 1120,
  "is_gaussian_nb": true
}