{
  "model_type": "LGBM",
  "target": "수확수",
  "week": 7,
  "features": [
    "7주평균주간온도(08~18시)",
    "7주평균야간온도(19~07시)",
    "7주평균주간습도(08~18시)",
    "7주평균야간습도(19~07시)",
    "7주평균주간CO₂(08~18시)",
    "7주평균야간CO₂(19~07시)",
    "7주평균누적일사량(1일최대값기준)"
  ],
  "fill": {
    "7주평균주간온도(08~18시)": 22.763122823275463,
    "7주평균야간온도(19~07시)": 16.905887504718386,
    "7주평균주간습도(08~18시)": 79.34189638202382,
    "7주평균야간습도(19~07시)": 89.51116755384135,
    "7주평균주간CO₂(08~18시)": 403.0244477690052,
    "7주평균야간CO₂(19~07시)": 481.2006861221236,
    "7주평균누적일사량(1일최대값기준)": 1252.138315322907
  },
  "metrics": {
    "MSE": 20249.30096026866,
    "MAE": 59.633681577206474,
    "R2": -0.1416610325247334
  },
  "n_train": 896,
  "n_total": 1120,
  "is_gaussian_nb": false
}