{
  "model_type": "RandomForest",
  "target": "초장",
  "week": 4,
  "features": [
    "4주평균주간온도(08~18시)",
    "4주평균야간온도(19~07시)",
    "4주평균주간습도(08~18시)",
    "4주평균야간습도(19~07시)",
    "4주평균주간CO₂(08~18시)",
    "4주평균야간CO₂(19~07시)",
    "4주평균누적일사량(1일최대값기준)"
  ],
  "fill": {
    "4주평균주간온도(08~18시)": 22.78321441991901,
    "4주평균야간온도(19~07시)": 16.90311197485543,
    "4주평균주간습도(08~18시)": 79.35741172326811,
    "4주평균야간습도(19~07시)": 89.56757955320718,
    "4주평균주간CO₂(08~18시)": 408.0127250937125,
    "4주평균야간CO₂(19~07시)": 495.2619811108768,
    "4주평균누적일사량(1일최대값기준)": 1273.5920397374284
  },
  "metrics": {
    "MSE": 14861.785780336388,
    "MAE": 80.86834659464928,
    "R2": 0.7217515973475775
  },
  "n_train": 803,
  "n_total": 1004,
  "is_gaussian_nb": false
}