{
  "model_type": "XGBoost",
  "target": "착과수",
  "week": 2,
  "features": [
    "2주평균주간온도(08~18시)",
    "2주평균야간온도(19~07시)",
    "2주평균주간습도(08~18시)",
    "2주평균야간습도(19~07시)",
    "2주평균주간CO₂(08~18시)",
    "2주평균야간CO₂(19~07시)",
    "2주평균누적일사량(1일최대값기준)"
  ],
  "fill": {
    "2주평균주간온도(08~18시)": 22.797205359551548,
    "2주평균야간온도(19~07시)": 16.917307818764503,
    "2주평균주간습도(08~18시)": 79.44117032537328,
    "2주평균야간습도(19~07시)": 89.6580751425613,
    "2주평균주간CO₂(08~18시)": 411.1740946959028,
    "2주평균야간CO₂(19~07시)": 504.4955764262632,
    "2주평균누적일사량(1일최대값기준)": 1277.0096425058196
  },
  "metrics": {
    "MSE": 16687.401940073385,
    "MAE": 42.06441432131188,
    "R2": 0.00711942860252246
  },
  "n_train": 896,
  "n_total": 1120,
  "is_gaussian_nb": false
}