{
  "model_type": "XGBoost",
  "target": "수확수",
  "week": 6,
  "features": [
    "6주평균주간온도(08~18시)",
    "6주평균야간온도(19~07시)",
    "6주평균주간습도(08~18시)",
    "6주평균야간습도(19~07시)",
    "6주평균주간CO₂(08~18시)",
    "6주평균야간CO₂(19~07시)",
    "6주평균누적일사량(1일최대값기준)"
  ],
  "fill": {
    "6주평균주간온도(08~18시)": 22.773262391727336,
    "6주평균야간온도(19~07시)": 16.902281797733885,
    "6주평균주간습도(08~18시)": 79.29986289842925,
    "6주평균야간습도(19~07시)": 89.51369109491161,
    "6주평균주간CO₂(08~18시)": 404.7102216407264,
    "6주평균야간CO₂(19~07시)": 485.8378135660569,
    "6주평균누적일사량(1일최대값기준)": 1259.8498040183322
  },
  "metrics": {
    "MSE": 17525.885370988453,
    "MAE": 46.73994215265183,
    "R2": 0.011885870637613927
  },
  "n_train": 896,
  "n_total": 1120,
  "is_gaussian_nb": false
}